Actual,Predicted
41.0,74.62449
41.0,74.62433
42.0,74.624146
43.0,74.62397
43.0,74.62379
45.0,74.62363
44.0,74.62347
44.0,74.62329
48.99999999999999,74.623116
51.0,74.62295
51.0,74.62277
54.0,74.6226
53.0,74.62243
53.0,74.62225
65.0,74.62209
66.0,74.62193
66.0,74.62175
61.0,74.621574
60.0,74.6214
63.0,74.62123
70.0,74.62107
70.0,74.620895
70.0,74.62073
71.0,74.62055
74.0,74.62039
74.0,74.620224
75.0,74.62005
75.0,74.61987
75.0,74.6197
78.0,74.61953
79.0,74.619354
79.0,74.61917
86.0,74.61901
85.0,74.61883
85.0,74.618645
87.0,74.61847
89.0,74.61831
89.0,74.61813
89.0,74.61795
89.0,74.61777
89.0,74.61761
88.0,74.617424
88.0,74.61725
88.0,74.61708
89.0,74.616905
88.0,74.616745
88.0,74.61656
80.0,74.6164
79.0,74.61622
79.0,74.616035
81.0,74.615875
89.0,74.6157
89.0,74.61552
90.0,74.61533
91.0,74.61517
89.0,74.61499
90.0,74.614815
92.0,74.61463
92.0,74.61447
86.0,74.61429
86.0,74.614105
86.0,74.613945
88.0,74.61376
90.0,74.61359
90.0,74.6134
89.0,74.613235
89.0,74.61306
89.0,74.61288
88.0,74.61272
82.0,74.61253
82.0,74.61235
78.0,74.612175
75.0,74.61201
75.0,74.611824
72.0,74.61164
69.0,74.61148
69.0,74.6113
62.0,74.61112
58.00000000000001,74.61094
58.00000000000001,74.61077
44.0,74.610596
47.00000000000001,74.61041
47.00000000000001,74.610245
53.0,74.61008
56.0,74.6099
56.0,74.60972
57.0,74.60955
54.0,74.609375
51.0,74.60921
51.0,74.60905
50.0,74.608864
50.0,74.60868
48.99999999999999,74.608505
45.0,74.60834
45.0,74.60817
40.0,74.60799
42.0,74.60782
42.0,74.60766
40.0,74.607475
40.0,74.60731
40.0,74.60713
45.0,74.60695
44.0,74.606766
44.0,74.6066
42.0,74.60642
36.0,74.60624
36.0,74.60606
37.0,74.60589
31.0,74.605705
31.0,74.60552
37.0,74.60534
35.0,74.60517
35.0,74.604996
31.0,74.60481
37.0,74.60463
37.0,74.60446
38.0,74.60428
31.0,74.604095
31.0,74.603935
36.0,74.603745
39.0,74.60356
39.0,74.603386
41.0,74.60321
40.0,74.603035
40.0,74.60285
42.0,74.60267
44.0,74.6025
41.0,74.60232
42.0,74.602135
44.0,74.60197
44.0,74.60178
44.0,74.60162
44.0,74.60144
44.0,74.601265
48.00000000000001,74.601105
50.0,74.60092
50.0,74.60075
48.99999999999999,74.60057
52.0,74.6004
52.0,74.60026
50.0,74.60007
50.0,74.59991
50.0,74.599724
50.0,74.59957
51.0,74.59939
51.0,74.59921
51.0,74.59906
55.0,74.59895
58.00000000000001,74.59882
58.00000000000001,74.59866
61.0,74.59851
61.0,74.59833
64.0,74.59815
66.0,74.598
66.0,74.59781
69.0,74.59765
68.0,74.597496
68.0,74.59733
72.0,74.597145
73.0,74.597
73.0,74.59682
69.0,74.59663
69.0,74.596466
72.0,74.596275
75.0,74.5961
75.0,74.59591
75.0,74.59575
77.0,74.59556
78.0,74.595375
78.0,74.59521
83.0,74.595024
84.0,74.59483
84.0,74.59467
84.0,74.594505
89.0,74.594315
89.0,74.59413
87.0,74.59396
88.0,74.59378
88.0,74.5936
90.0,74.593414
90.0,74.59325
90.0,74.59307
90.0,74.59289
90.0,74.59273
90.0,74.59254
92.0,74.592354
92.0,74.59218
92.0,74.592
93.0,74.59181
94.00000000000001,74.591644
94.00000000000001,74.59146
94.00000000000001,74.59127
95.00000000000001,74.591095
95.00000000000001,74.59092
95.00000000000001,74.59074
96.00000000000001,74.59055
96.00000000000001,74.59038
96.99999999999999,74.59021
96.99999999999999,74.59003
96.00000000000001,74.58984
96.99999999999999,74.589676
96.99999999999999,74.58949
96.99999999999999,74.5893
97.99999999999999,74.58912
99.0,74.58894
99.0,74.58876
99.0,74.58859
99.0,74.588425
99.0,74.58824
99.0,74.58805
97.99999999999999,74.58788
97.99999999999999,74.58773
96.00000000000001,74.58755
96.00000000000001,74.587364
96.00000000000001,74.58719
94.00000000000001,74.587006
92.0,74.58682
92.0,74.58665
88.0,74.586464
87.0,74.58628
87.0,74.58609
89.0,74.58592
89.0,74.58574
89.0,74.58556
89.0,74.585396
90.0,74.585205
90.0,74.58502
87.0,74.584854
87.0,74.58466
87.0,74.58448
84.0,74.584305
84.0,74.584145
84.0,74.583954
83.0,74.58377
83.0,74.5836
81.0,74.58341
80.0,74.58322
76.0,74.58304
76.0,74.58286
74.0,74.58268
70.0,74.5825
68.0,74.582306
69.0,74.58213
66.0,74.58196
66.0,74.58178
62.0,74.58163
62.0,74.581436
62.0,74.58127
60.0,74.5811
60.0,74.58091
60.0,74.58074
61.0,74.58057
56.0,74.58038
56.0,74.5802
58.99999999999999,74.58001
61.0,74.57984
61.0,74.57965
62.0,74.57947
62.0,74.57929
58.99999999999999,74.57911
58.99999999999999,74.57892
60.0,74.57873
60.0,74.57856
58.99999999999999,74.57837
58.99999999999999,74.578186
58.99999999999999,74.578026
58.99999999999999,74.57784
57.0,74.57766
57.0,74.577484
55.0,74.57729
58.00000000000001,74.57711
57.0,74.57692
58.00000000000001,74.576744
55.0,74.57656
55.0,74.57637
54.0,74.5762
54.0,74.57601
54.0,74.57582
55.0,74.57565
55.0,74.57546
55.0,74.57528
56.0,74.57509
55.0,74.574936
55.0,74.57476
60.0,74.57457
58.99999999999999,74.5744
58.99999999999999,74.57423
64.0,74.57406
67.0,74.573875
67.0,74.573685
69.0,74.57351
71.0,74.57334
71.0,74.57316
73.0,74.57297
73.0,74.57279
73.0,74.5726
74.0,74.57243
69.0,74.57226
69.0,74.57209
71.0,74.571915
73.0,74.571724
73.0,74.571556
75.0,74.571365
77.0,74.57118
77.0,74.57101
77.0,74.570816
77.0,74.570625
77.0,74.570435
80.0,74.57027
80.0,74.570076
80.0,74.56989
81.0,74.5697
82.0,74.56953
82.0,74.569336
82.0,74.569145
82.0,74.568954
82.0,74.56879
82.0,74.568596
82.0,74.568405
82.0,74.568214
84.0,74.568054
86.0,74.56787
86.0,74.56768
87.0,74.56751
88.0,74.56732
88.0,74.56713
90.0,74.56694
90.0,74.566765
90.0,74.566574
92.0,74.56638
92.0,74.56619
92.0,74.566025
93.0,74.565834
93.0,74.56564
93.0,74.56545
92.0,74.56528
92.0,74.565094
92.0,74.5649
92.0,74.56471
92.0,74.56453
92.0,74.56434
91.0,74.56415
91.0,74.56398
91.0,74.56379
91.0,74.5636
92.0,74.56342
92.0,74.56323
92.0,74.56305
93.0,74.56285
93.0,74.56268
93.0,74.56249
92.0,74.5623
92.0,74.56211
93.0,74.561935
92.0,74.56176
92.0,74.56157
92.0,74.56139
92.0,74.5612
92.0,74.56101
91.0,74.56082
91.0,74.560646
91.0,74.560455
91.0,74.560265
89.0,74.560074
89.0,74.5599
87.0,74.55971
86.0,74.55952
86.0,74.559326
84.0,74.55915
80.0,74.55896
80.0,74.55879
74.0,74.55863
73.0,74.55844
73.0,74.55825
73.0,74.558075
67.0,74.557884
67.0,74.55769
65.0,74.5575
65.0,74.55733
62.0,74.55714
58.99999999999999,74.556946
60.0,74.556755
60.0,74.55658
58.00000000000001,74.55639
56.0,74.5562
56.0,74.55601
57.0,74.55583
56.0,74.55564
56.0,74.55544
53.0,74.55527
55.0,74.55508
55.0,74.554886
51.0,74.554695
50.0,74.55452
50.0,74.55433
50.0,74.55413
48.99999999999999,74.55394
48.99999999999999,74.553764
52.0,74.55357
50.0,74.55338
50.0,74.55321
50.0,74.55302
47.00000000000001,74.552826
47.00000000000001,74.552635
48.99999999999999,74.55245
48.99999999999999,74.55226
48.99999999999999,74.552086
46.0,74.55191
45.0,74.55172
45.0,74.55153
45.0,74.55134
45.0,74.55116
45.0,74.55099
44.0,74.5508
45.0,74.55062
45.0,74.55043
44.0,74.55023
44.0,74.55007
45.0,74.54988
44.0,74.54969
45.0,74.5495
45.0,74.549324
46.0,74.54915
46.0,74.54895
46.0,74.548775
46.0,74.548584
48.99999999999999,74.54839
48.99999999999999,74.54822
51.0,74.54802
54.0,74.54783
54.0,74.54767
58.00000000000001,74.547516
58.99999999999999,74.547325
58.99999999999999,74.54715
61.0,74.546974
61.0,74.5468
61.0,74.54662
62.0,74.54645
63.0,74.54626
63.0,74.54607
62.0,74.54587
63.0,74.54569
63.0,74.545494
64.0,74.5453
67.0,74.54513
67.0,74.54494
69.0,74.54475
68.0,74.54455
68.0,74.54437
70.0,74.544174
68.0,74.54398
66.0,74.54379
65.0,74.54362
68.0,74.54342
68.0,74.54322
75.0,74.54303
77.0,74.54287
77.0,74.542694
77.0,74.5425
77.0,74.54232
77.0,74.54213
78.0,74.54194
78.0,74.54176
78.0,74.54159
81.0,74.54139
81.0,74.541214
81.0,74.54102
83.0,74.540825
88.0,74.540634
88.0,74.54046
90.0,74.54026
90.0,74.540085
90.0,74.53989
89.0,74.53971
89.0,74.53952
89.0,74.53933
90.0,74.53915
90.0,74.538956
90.0,74.53877
91.0,74.53861
92.0,74.53842
92.0,74.53823
93.0,74.53804
94.00000000000001,74.53786
94.00000000000001,74.53767
96.99999999999999,74.53747
94.00000000000001,74.53729
96.00000000000001,74.5371
96.00000000000001,74.5369
97.99999999999999,74.53672
97.99999999999999,74.53653
96.00000000000001,74.53634
96.99999999999999,74.536156
96.99999999999999,74.53598
95.00000000000001,74.53578
95.00000000000001,74.53559
95.00000000000001,74.535416
96.00000000000001,74.53522
96.00000000000001,74.53502
96.00000000000001,74.53483
92.0,74.53465
88.0,74.53448
88.0,74.53428
84.0,74.5341
81.0,74.533905
81.0,74.533714
80.0,74.533516
76.0,74.53333
76.0,74.53314
71.0,74.53295
72.0,74.532745
72.0,74.53257
67.0,74.53238
58.99999999999999,74.53218
58.99999999999999,74.532
58.99999999999999,74.53181
55.0,74.53162
55.0,74.53142
55.0,74.53124
55.0,74.531044
55.0,74.530846
58.00000000000001,74.53067
52.0,74.53047
54.0,74.53028
50.0,74.53008
50.0,74.52991
50.0,74.52971
50.0,74.52951
48.99999999999999,74.52935
48.99999999999999,74.529175
47.00000000000001,74.52899
47.00000000000001,74.52882
47.00000000000001,74.528625
48.00000000000001,74.52843
47.00000000000001,74.52824
47.00000000000001,74.52805
48.00000000000001,74.527855
48.00000000000001,74.527664
48.00000000000001,74.52748
46.0,74.52728
45.0,74.52709
45.0,74.52689
44.0,74.52671
43.0,74.52652
43.0,74.52632
44.0,74.52612
43.0,74.52595
41.0,74.52575
42.0,74.52555
44.0,74.525375
44.0,74.52518
44.0,74.52499
43.0,74.52478
43.0,74.524605
44.0,74.52441
41.0,74.52421
41.0,74.52403
43.0,74.523834
42.0,74.523636
41.0,74.523445
43.0,74.52328
42.0,74.52309
42.0,74.52289
41.0,74.52271
40.0,74.522514
40.0,74.522316
40.0,74.52212
40.0,74.521935
40.0,74.52174
40.0,74.521545
40.0,74.52135
40.0,74.52119
41.0,74.52099
42.0,74.5208
42.0,74.520615
42.0,74.52042
42.0,74.520226
41.0,74.52002
41.0,74.519844
42.0,74.519646
42.0,74.51945
43.0,74.51925
44.0,74.519066
44.0,74.518875
46.0,74.51868
48.00000000000001,74.51848
48.00000000000001,74.518295
53.0,74.518105
52.0,74.51791
52.0,74.51772
57.0,74.517525
58.00000000000001,74.51733
58.00000000000001,74.517136
58.99999999999999,74.516945
62.0,74.516754
63.0,74.516556
64.0,74.51636
65.0,74.516174
65.0,74.515976
70.0,74.515785
69.0,74.51559
69.0,74.5154
71.0,74.515205
71.0,74.51501
73.0,74.51481
73.0,74.514626
75.0,74.51443
74.0,74.51424
74.0,74.514046
75.0,74.513855
75.0,74.51366
76.0,74.51346
80.0,74.513275
80.0,74.513084
81.0,74.51288
83.0,74.51269
83.0,74.5125
85.0,74.51232
85.0,74.512146
85.0,74.51194
87.0,74.51175
90.0,74.511566
90.0,74.51137
83.0,74.51117
84.0,74.51097
84.0,74.51079
86.0,74.5106
89.0,74.51039
89.0,74.51019
90.0,74.51001
90.0,74.50982
88.0,74.50961
88.0,74.509415
89.0,74.50923
89.0,74.50904
88.0,74.50884
91.0,74.50864
91.0,74.50846
90.0,74.50826
88.0,74.508064
88.0,74.50788
82.0,74.50768
80.0,74.507484
80.0,74.507286
76.0,74.5071
71.0,74.506905
71.0,74.50671
65.0,74.50652
67.0,74.506325
67.0,74.50613
60.0,74.50593
57.0,74.505745
57.0,74.50555
56.0,74.50534
55.0,74.50515
55.0,74.50497
51.0,74.50477
47.00000000000001,74.50457
47.00000000000001,74.504364
45.0,74.50419
46.0,74.50398
46.0,74.50379
44.0,74.5036
43.0,74.50341
43.0,74.50321
42.0,74.503006
42.0,74.50284
43.0,74.50265
42.0,74.50245
42.0,74.50224
42.0,74.50207
42.0,74.50186
40.0,74.50166
40.0,74.50148
40.0,74.50128
40.0,74.50109
40.0,74.500885
37.0,74.5007
36.0,74.5005
36.0,74.500305
33.0,74.50011
33.0,74.499916
33.0,74.499725
34.0,74.49953
33.0,74.49932
33.0,74.49914
33.0,74.49894
30.0,74.49874
30.0,74.49856
31.0,74.49836
29.000000000000004,74.49818
29.000000000000004,74.49797
31.0,74.497795
29.000000000000004,74.49759
29.000000000000004,74.4974
29.000000000000004,74.4972
27.0,74.49701
27.0,74.49681
31.0,74.49661
31.0,74.49643
31.0,74.49623
31.0,74.496025
31.0,74.49583
32.0,74.49566
31.0,74.49546
33.0,74.49528
33.0,74.4951
33.0,74.494896
34.0,74.4947
34.0,74.4945
33.0,74.494316
34.0,74.49412
34.0,74.49392
34.0,74.49371
34.0,74.49353
34.0,74.49333
36.0,74.49313
36.0,74.49293
36.0,74.492744
36.0,74.492546
38.0,74.49235
38.0,74.492165
38.0,74.49196
36.0,74.49176
36.0,74.49159
38.0,74.491394
35.0,74.4912
35.0,74.491
39.0,74.490814
44.0,74.490616
44.0,74.49041
58.00000000000001,74.49021
58.99999999999999,74.49003
58.99999999999999,74.48983
63.0,74.489624
64.0,74.489426
64.0,74.48924
67.0,74.48906
68.0,74.48886
70.0,74.48867
70.0,74.48847
71.0,74.48827
70.0,74.488075
72.0,74.487885
73.0,74.4877
73.0,74.4875
76.0,74.48732
77.0,74.48712
77.0,74.486916
79.0,74.48672
81.0,74.486534
81.0,74.48633
81.0,74.48613
85.0,74.48596
85.0,74.48576
88.0,74.485565
89.0,74.48538
89.0,74.485176
90.0,74.48498
91.0,74.48478
91.0,74.484604
92.0,74.48441
92.0,74.48421
93.0,74.484024
93.0,74.483826
92.0,74.48363
92.0,74.48342
92.0,74.48323
90.0,74.483055
90.0,74.48285
91.0,74.482666
92.0,74.48248
92.0,74.482285
93.0,74.48212
94.00000000000001,74.48192
94.00000000000001,74.48172
94.00000000000001,74.48153
92.0,74.48133
92.0,74.48113
89.0,74.48093
86.0,74.48074
86.0,74.48056
85.0,74.48036
84.0,74.48017
84.0,74.47997
82.0,74.479774
81.0,74.47957
81.0,74.479385
80.0,74.47918
80.0,74.47898
80.0,74.4788
76.0,74.47859
76.0,74.478386
76.0,74.47819
70.0,74.478004
68.0,74.477806
68.0,74.4776
66.0,74.477394
65.0,74.47721
65.0,74.47701
64.0,74.47682
63.0,74.47664
63.0,74.476456
62.0,74.47626
63.0,74.476074
63.0,74.47588
62.0,74.475685
63.0,74.47549
63.0,74.47528
63.0,74.4751
61.0,74.47489
61.0,74.47469
61.0,74.47449
60.0,74.474304
60.0,74.474106
61.0,74.4739
58.99999999999999,74.47371
58.99999999999999,74.47351
58.99999999999999,74.47331
53.0,74.47311
53.0,74.47292
53.0,74.47272
51.0,74.47251
51.0,74.47233
48.00000000000001,74.47213
48.00000000000001,74.471924
48.00000000000001,74.471725
47.00000000000001,74.471535
47.00000000000001,74.47133
47.00000000000001,74.47113
47.00000000000001,74.47095
45.0,74.47076
45.0,74.47056
47.00000000000001,74.47035
46.0,74.47017
46.0,74.46997
46.0,74.469765
44.0,74.469574
44.0,74.469376
43.0,74.46918
43.0,74.469
43.0,74.4688
42.0,74.468605
42.0,74.4684
42.0,74.468216
42.0,74.46801
42.0,74.467804
42.0,74.467606
42.0,74.467415
41.0,74.46721
41.0,74.46701
43.0,74.46683
43.0,74.46662
43.0,74.46642
44.0,74.46622
44.0,74.46603
44.0,74.46583
45.0,74.46562
45.0,74.465416
45.0,74.46523
44.0,74.46505
45.0,74.46484
45.0,74.46464
45.0,74.464455
46.0,74.46426
46.0,74.46405
46.0,74.46387
47.00000000000001,74.46366
47.00000000000001,74.463455
46.0,74.46325
50.0,74.463066
50.0,74.46286
50.0,74.462654
51.0,74.462456
51.0,74.462265
53.0,74.46207
58.99999999999999,74.46186
58.99999999999999,74.461655
63.0,74.46147
65.0,74.461266
65.0,74.46106
65.0,74.46086
66.0,74.46067
66.0,74.460464
67.0,74.460266
68.0,74.46006
68.0,74.45987
68.0,74.45967
64.0,74.459465
64.0,74.45928
64.0,74.459076
66.0,74.45887
66.0,74.45867
69.0,74.45848
71.0,74.458275
71.0,74.45807
75.0,74.45786
76.0,74.45768
76.0,74.4575
76.0,74.45729
77.0,74.45711
77.0,74.4569
78.0,74.456696
79.0,74.45649
79.0,74.45631
79.0,74.4561
79.0,74.455894
81.0,74.45569
84.0,74.455505
87.0,74.4553
87.0,74.4551
82.0,74.454895
82.0,74.454704
82.0,74.454506
81.0,74.4543
81.0,74.454094
81.0,74.4539
84.0,74.453705
85.0,74.4535
86.0,74.45329
85.0,74.4531
85.0,74.4529
85.0,74.4527
81.0,74.45251
84.0,74.4523
84.0,74.4521
81.0,74.4519
79.0,74.451706
79.0,74.4515
76.0,74.451294
76.0,74.451096
76.0,74.450905
69.0,74.4507
66.0,74.45049
66.0,74.45029
63.0,74.4501
60.0,74.4499
60.0,74.44969
58.00000000000001,74.449486
55.0,74.449295
55.0,74.4491
51.0,74.44889
51.0,74.448685
51.0,74.44852
48.99999999999999,74.44831
47.00000000000001,74.44811
47.00000000000001,74.44792
46.0,74.44773
45.0,74.44753
45.0,74.44733
46.0,74.447136
43.0,74.44693
43.0,74.446724
43.0,74.44653
43.0,74.446335
43.0,74.44613
44.0,74.44594
43.0,74.445755
43.0,74.44555
43.0,74.44534
43.0,74.44514
43.0,74.444954
43.0,74.44475
46.0,74.44454
46.0,74.44435
45.0,74.444145
44.0,74.44394
44.0,74.44373
44.0,74.44355
43.0,74.443344
43.0,74.44314
42.0,74.44297
46.0,74.442764
46.0,74.44256
46.0,74.44235
44.0,74.44217
44.0,74.44196
43.0,74.44176
46.0,74.44157
45.0,74.44136
45.0,74.441154
41.0,74.44095
41.0,74.44076
41.0,74.44056
41.0,74.440346
41.0,74.44016
40.0,74.43996
36.0,74.43975
36.0,74.43956
39.0,74.439354
34.0,74.439156
34.0,74.43895
35.0,74.43876
31.0,74.43857
31.0,74.438385
32.0,74.4382
32.0,74.437996
32.0,74.43779
32.0,74.43758
30.0,74.43741
30.0,74.43722
32.0,74.43702
33.0,74.43683
33.0,74.436646
34.0,74.43644
33.0,74.43625
33.0,74.43605
32.0,74.43584
33.0,74.43563
33.0,74.43544
34.0,74.435234
35.0,74.43503
35.0,74.43484
37.0,74.43464
42.0,74.43443
42.0,74.43423
48.00000000000001,74.43405
50.0,74.433846
50.0,74.43366
53.0,74.43347
56.0,74.433266
56.0,74.43306
61.0,74.43285
65.0,74.43266
65.0,74.432465
66.0,74.43226
68.0,74.43205
68.0,74.43186
72.0,74.431656
76.0,74.431465
76.0,74.43126
76.0,74.43108
74.0,74.430885
74.0,74.430695
77.0,74.43049
77.0,74.43028
77.0,74.43008
78.0,74.429886
81.0,74.42971
81.0,74.42951
86.0,74.42932
86.0,74.429115
86.0,74.42891
80.0,74.42871
80.0,74.42852
80.0,74.428314
77.0,74.42812
81.0,74.42793
81.0,74.42773
83.0,74.42752
83.0,74.42733
83.0,74.427124
83.0,74.42694
82.0,74.426735
82.0,74.426544
83.0,74.42634
84.0,74.42615
84.0,74.42594
84.0,74.425735
81.0,74.425545
81.0,74.42534
76.0,74.42513
74.0,74.42493
73.0,74.424736
75.0,74.42453
74.0,74.42432
74.0,74.42411
73.0,74.42392
71.0,74.42371
71.0,74.423515
71.0,74.4233
72.0,74.42311
72.0,74.422905
70.0,74.4227
69.0,74.42251
69.0,74.42232
67.0,74.42211
66.0,74.421906
66.0,74.4217
64.0,74.42151
63.0,74.4213
63.0,74.4211
61.0,74.420906
60.0,74.420715
60.0,74.42051
55.0,74.42034
55.0,74.420135
55.0,74.41993
53.0,74.419754
54.0,74.419556
54.0,74.41934
54.0,74.41915
54.0,74.418945
54.0,74.41874
53.0,74.41853
52.0,74.41834
52.0,74.41814
51.0,74.41793
48.99999999999999,74.41774
48.99999999999999,74.41753
51.0,74.41732
51.0,74.417114
51.0,74.41692
53.0,74.41672
50.0,74.41651
50.0,74.41632
48.99999999999999,74.416115
47.00000000000001,74.415924
47.00000000000001,74.41572
47.00000000000001,74.41551
45.0,74.41532
45.0,74.41511
46.0,74.4149
46.0,74.414696
46.0,74.414505
45.0,74.4143
44.0,74.414085
44.0,74.41388
43.0,74.4137
44.0,74.41348
44.0,74.41328
45.0,74.413086
45.0,74.41288
45.0,74.412674
45.0,74.41246
42.0,74.41227
44.0,74.41206
47.00000000000001,74.41186
46.0,74.41167
46.0,74.41146
45.0,74.411255
47.00000000000001,74.41104
47.00000000000001,74.41085
46.0,74.410645
46.0,74.41044
47.00000000000001,74.41025
44.0,74.41006
48.00000000000001,74.40985
48.00000000000001,74.40964
46.0,74.40945
47.00000000000001,74.40925
47.00000000000001,74.409035
45.0,74.408844
48.99999999999999,74.40864
48.99999999999999,74.40843
48.99999999999999,74.40824
48.00000000000001,74.408035
48.00000000000001,74.40782
48.00000000000001,74.40765
58.00000000000001,74.40745
58.00000000000001,74.407234
61.0,74.40703
62.0,74.40684
62.0,74.40665
64.0,74.40644
65.0,74.40625
65.0,74.406044
65.0,74.40583
65.0,74.40564
66.0,74.40545
67.0,74.405266
66.0,74.405075
66.0,74.404884
69.0,74.40468
67.0,74.40447
67.0,74.40428
71.0,74.40409
71.0,74.403885
71.0,74.403694
71.0,74.40349
72.0,74.403275
73.0,74.4031
77.0,74.40289
77.0,74.40269
77.0,74.4025
75.0,74.402306
78.0,74.4021
78.0,74.40193
76.0,74.401726
78.0,74.40151
78.0,74.40132
79.0,74.401115
79.0,74.40091
80.0,74.40072
79.0,74.40053
81.0,74.40032
81.0,74.40012
82.0,74.39994
80.0,74.39973
80.0,74.39952
79.0,74.39933
79.0,74.399124
79.0,74.39893
79.0,74.39874
79.0,74.39853
79.0,74.39832
79.0,74.39813
79.0,74.39793
79.0,74.39771
80.0,74.39752
80.0,74.397316
80.0,74.39711
83.0,74.3969
87.0,74.396706
87.0,74.3965
91.0,74.396286
94.00000000000001,74.39612
94.00000000000001,74.39591
95.00000000000001,74.3957
95.00000000000001,74.39551
95.00000000000001,74.3953
96.99999999999999,74.39509
96.99999999999999,74.3949
96.99999999999999,74.39469
96.99999999999999,74.394485
99.0,74.39429
99.0,74.39408
97.99999999999999,74.393875
97.99999999999999,74.39366
97.99999999999999,74.39347
97.99999999999999,74.39328
97.99999999999999,74.393074
97.99999999999999,74.3929
96.99999999999999,74.39269
96.99999999999999,74.39249
96.99999999999999,74.392296
96.99999999999999,74.39208
96.00000000000001,74.39188
96.00000000000001,74.39166
94.00000000000001,74.39147
94.00000000000001,74.391266
94.00000000000001,74.39106
94.00000000000001,74.39085
96.00000000000001,74.390656
96.00000000000001,74.39045
95.00000000000001,74.390236
94.00000000000001,74.39006
94.00000000000001,74.389854
90.0,74.38965
87.0,74.38946
87.0,74.389244
83.0,74.38904
79.0,74.38885
76.0,74.38863
74.0,74.38842
72.0,74.38823
72.0,74.38805
68.0,74.387856
70.0,74.38765
70.0,74.38746
69.0,74.387245
67.0,74.38704
67.0,74.38685
62.0,74.386635
64.0,74.38642
64.0,74.38623
58.99999999999999,74.386055
61.0,74.38585
61.0,74.38564
58.00000000000001,74.38545
53.0,74.38524
53.0,74.38505
53.0,74.38486
50.0,74.38465
50.0,74.384445
48.99999999999999,74.38423
47.00000000000001,74.38404
47.00000000000001,74.38383
48.99999999999999,74.38364
47.00000000000001,74.38343
47.00000000000001,74.38324
48.00000000000001,74.383026
44.0,74.38282
44.0,74.382645
46.0,74.38244
45.0,74.38223
45.0,74.38202
43.0,74.3819
39.0,74.38169
39.0,74.3815
39.0,74.381294
36.0,74.38109
38.0,74.380875
37.0,74.380684
36.0,74.38048
36.0,74.380264
41.0,74.38007
44.0,74.37987
44.0,74.379654
48.99999999999999,74.37946
61.0,74.37925
61.0,74.379036
58.00000000000001,74.37883
55.0,74.37864
55.0,74.378426
55.0,74.37822
55.0,74.37803
56.0,74.377815
66.0,74.37761
63.0,74.377396
62.0,74.377205
64.0,74.37699
60.0,74.376785
58.00000000000001,74.376595
57.0,74.37638
58.00000000000001,74.37617
54.0,74.37596
56.0,74.37576
57.0,74.37556
57.0,74.37535
54.0,74.37515
55.0,74.37496
55.0,74.374756
56.0,74.37454
57.0,74.37434
58.99999999999999,74.374146
61.0,74.37393
62.0,74.37372
62.0,74.37351
65.0,74.373314
64.0,74.37311
64.0,74.372894
66.0,74.3727
66.0,74.3725
66.0,74.372284
67.0,74.37208
69.0,74.37188
69.0,74.371666
71.0,74.37146
72.0,74.37125
72.0,74.371056
74.0,74.37085
75.0,74.370636
75.0,74.37046
78.0,74.370255
78.0,74.37004
78.0,74.369835
81.0,74.36965
81.0,74.36945
81.0,74.369255
83.0,74.36904
82.0,74.368835
82.0,74.368645
80.0,74.368454
80.0,74.36824
80.0,74.368034
80.0,74.36786
81.0,74.367645
81.0,74.36744
81.0,74.36725
83.0,74.36705
84.0,74.366844
83.0,74.36664
83.0,74.366455
83.0,74.36625
81.0,74.36606
79.0,74.36586
79.0,74.365654
82.0,74.36545
83.0,74.365234
83.0,74.36502
81.0,74.36483
82.0,74.364624
82.0,74.3644
84.0,74.3642
84.0,74.364006
84.0,74.36379
83.0,74.36358
82.0,74.36337
82.0,74.36318
83.0,74.36297
83.0,74.36276
83.0,74.36254
82.0,74.36235
81.0,74.362144
81.0,74.36193
82.0,74.36172
82.0,74.36152
82.0,74.36132
82.0,74.3611
82.0,74.36089
82.0,74.360695
83.0,74.360504
82.0,74.3603
82.0,74.360085
81.0,74.35989
81.0,74.35969
81.0,74.35949
82.0,74.3593
82.0,74.3591
82.0,74.358894
79.0,74.3587
79.0,74.35849
79.0,74.358284
79.0,74.35807
80.0,74.35788
80.0,74.35769
81.0,74.357475
81.0,74.35728
81.0,74.35707
81.0,74.35686
80.0,74.35667
80.0,74.356476
77.0,74.3563
78.0,74.356125
78.0,74.35592
74.0,74.35577
73.0,74.355576
73.0,74.35537
70.0,74.35517
70.0,74.35498
71.0,74.35479
72.0,74.3546
71.0,74.354385
71.0,74.354195
73.0,74.35399
73.0,74.35381
73.0,74.3536
73.0,74.353386
71.0,74.35318
71.0,74.35298
70.0,74.352776
71.0,74.35256
71.0,74.35237
74.0,74.35216
78.0,74.351944
78.0,74.35173
78.0,74.35154
78.0,74.351326
78.0,74.35112
77.0,74.35092
75.0,74.35073
75.0,74.35052
78.0,74.35031
76.0,74.3501
76.0,74.34991
77.0,74.34969
77.0,74.34948
77.0,74.349266
78.0,74.349075
77.0,74.34886
77.0,74.348656
78.0,74.34846
78.0,74.34825
79.0,74.34805
80.0,74.34786
80.0,74.347664
80.0,74.34746
82.0,74.347244
82.0,74.34705
82.0,74.34688
84.0,74.34667
84.0,74.34648
84.0,74.34627
84.0,74.346054
85.0,74.345856
85.0,74.34565
84.0,74.345436
84.0,74.34523
84.0,74.34503
84.0,74.34482
84.0,74.34463
84.0,74.34444
87.0,74.34422
94.00000000000001,74.34401
94.00000000000001,74.3438
96.00000000000001,74.34362
96.99999999999999,74.343414
96.99999999999999,74.3432
96.99999999999999,74.34301
97.99999999999999,74.3428
97.99999999999999,74.342606
97.99999999999999,74.34239
99.0,74.34219
99.0,74.34199
97.99999999999999,74.341774
97.99999999999999,74.34158
97.99999999999999,74.34137
97.99999999999999,74.341156
97.99999999999999,74.34094
97.99999999999999,74.34075
97.99999999999999,74.34054
97.99999999999999,74.34033
97.99999999999999,74.34017
97.99999999999999,74.339966
97.99999999999999,74.33975
97.99999999999999,74.33954
99.0,74.33934
97.99999999999999,74.339134
97.99999999999999,74.338936
97.99999999999999,74.338745
97.99999999999999,74.33854
97.99999999999999,74.33832
97.99999999999999,74.33811
97.99999999999999,74.33791
97.99999999999999,74.33771
97.99999999999999,74.337494
99.0,74.337296
99.0,74.337105
97.99999999999999,74.33689
97.99999999999999,74.336685
97.99999999999999,74.33649
97.99999999999999,74.33627
97.99999999999999,74.33606
97.99999999999999,74.33587
97.99999999999999,74.33569
97.99999999999999,74.3355
97.99999999999999,74.33531
97.99999999999999,74.33512
97.99999999999999,74.33491
96.99999999999999,74.33472
96.99999999999999,74.33452
96.99999999999999,74.33433
96.99999999999999,74.33414
97.99999999999999,74.33392
97.99999999999999,74.33371
97.99999999999999,74.3335
95.00000000000001,74.333305
93.0,74.3331
93.0,74.3329
90.0,74.3327
87.0,74.3325
87.0,74.33232
83.0,74.33213
82.0,74.33194
82.0,74.331726
83.0,74.33151
82.0,74.331314
82.0,74.33111
80.0,74.330894
78.0,74.3307
78.0,74.330505
75.0,74.3303
74.0,74.3301
74.0,74.32989
72.0,74.32967
73.0,74.32948
73.0,74.32929
71.0,74.32908
72.0,74.3289
72.0,74.32869
65.0,74.328476
64.0,74.328285
64.0,74.328094
65.0,74.32788
63.0,74.32767
63.0,74.32749
62.0,74.32728
63.0,74.32707
63.0,74.32687
60.0,74.326675
55.0,74.32647
55.0,74.326256
57.0,74.326065
54.0,74.32585
54.0,74.32564
53.0,74.32546
55.0,74.325264
55.0,74.32506
56.0,74.32488
54.0,74.32467
54.0,74.32448
51.0,74.32429
56.0,74.32407
54.0,74.323875
54.0,74.32367
55.0,74.323494
56.0,74.32328
58.00000000000001,74.32307
62.0,74.32287
62.0,74.32266
61.0,74.32245
65.0,74.32227
65.0,74.32206
67.0,74.32185
66.0,74.32163
66.0,74.32144
64.0,74.32125
65.0,74.32104
65.0,74.32082
64.0,74.320625
63.0,74.32042
63.0,74.32034
64.0,74.320274
65.0,74.32018
65.0,74.32004
66.0,74.319855
67.0,74.3197
69.0,74.319496
70.0,74.319405
72.0,74.319336
72.0,74.319244
73.0,74.31915
73.0,74.31906
73.0,74.3189
75.0,74.31875
76.0,74.3187
76.0,74.31862
76.0,74.318535
77.0,74.31842
77.0,74.31829
79.0,74.31811
80.0,74.3179
80.0,74.31769
81.0,74.3175
81.0,74.31728
81.0,74.31707
82.0,74.31686
83.0,74.31666
83.0,74.31645
84.0,74.31623
83.0,74.31604
83.0,74.31583
84.0,74.31561
84.0,74.31541
84.0,74.31521
84.0,74.314995
85.0,74.31478
85.0,74.31459
87.0,74.31437
87.0,74.31416
87.0,74.31395
87.0,74.31375
89.0,74.31354
89.0,74.31335
89.0,74.31313
89.0,74.31296
89.0,74.312744
94.00000000000001,74.31253
96.00000000000001,74.312355
96.00000000000001,74.31214
96.00000000000001,74.311935
96.00000000000001,74.31172
96.00000000000001,74.31152
96.00000000000001,74.31131
96.99999999999999,74.3111
96.99999999999999,74.310905
96.99999999999999,74.31069
96.99999999999999,74.31048
96.99999999999999,74.31028
96.99999999999999,74.31007
96.99999999999999,74.30987
96.99999999999999,74.30966
97.99999999999999,74.30946
96.99999999999999,74.30926
96.99999999999999,74.30904
96.00000000000001,74.30882
96.99999999999999,74.30863
96.99999999999999,74.30842
96.99999999999999,74.308205
96.99999999999999,74.30799
96.99999999999999,74.30779
96.99999999999999,74.30759
96.99999999999999,74.307365
96.99999999999999,74.307175
96.99999999999999,74.30696
96.99999999999999,74.30675
96.99999999999999,74.30653
96.99999999999999,74.306335
96.99999999999999,74.30613
96.00000000000001,74.30591
96.00000000000001,74.3057
96.00000000000001,74.305504
96.00000000000001,74.30529
96.00000000000001,74.30508
96.99999999999999,74.30486
96.99999999999999,74.304665
96.00000000000001,74.30446
96.00000000000001,74.30424
96.00000000000001,74.30403
96.00000000000001,74.30383
96.00000000000001,74.30362
96.00000000000001,74.303406
96.00000000000001,74.30321
96.00000000000001,74.303
96.00000000000001,74.3028
96.99999999999999,74.302605
95.00000000000001,74.3024
95.00000000000001,74.302185
95.00000000000001,74.30196
95.00000000000001,74.30177
95.00000000000001,74.30156
94.00000000000001,74.301346
93.0,74.30115
93.0,74.300934
92.0,74.30073
93.0,74.300514
93.0,74.300316
92.0,74.3001
91.0,74.29989
91.0,74.29969
90.0,74.29948
88.0,74.29926
88.0,74.29907
87.0,74.298874
86.0,74.29866
86.0,74.29847
84.0,74.298256
82.0,74.29804
82.0,74.297844
81.0,74.29765
80.0,74.297455
80.0,74.297264
82.0,74.29705
79.0,74.29685
79.0,74.29666
79.0,74.29647
80.0,74.29627
80.0,74.29608
80.0,74.29587
79.0,74.295654
79.0,74.29544
80.0,74.295265
79.0,74.29505
79.0,74.29484
79.0,74.29464
81.0,74.29443
81.0,74.29421
80.0,74.29402
80.0,74.293846
80.0,74.293686
79.0,74.293495
79.0,74.29332
79.0,74.293205
79.0,74.293076
81.0,74.29291
81.0,74.292694
81.0,74.29254
80.0,74.29233
80.0,74.29212
80.0,74.291916
79.0,74.29171
79.0,74.29151
78.0,74.29132
80.0,74.29111
80.0,74.29089
83.0,74.29068
84.0,74.29048
84.0,74.290306
85.0,74.29013
84.0,74.28994
84.0,74.28973
83.0,74.28951
83.0,74.28932
83.0,74.28912
84.0,74.28891
85.0,74.28872
85.0,74.28852
83.0,74.28831
83.0,74.28811
83.0,74.2879
84.0,74.28769
82.0,74.28752
82.0,74.287315
82.0,74.2871
81.0,74.28689
81.0,74.286705
81.0,74.2865
81.0,74.2863
81.0,74.28611
81.0,74.2859
83.0,74.28568
83.0,74.28547
83.0,74.28527
85.0,74.285095
85.0,74.284904
86.0,74.284706
86.0,74.2845
86.0,74.28429
86.0,74.28409
87.0,74.283875
87.0,74.28366
88.0,74.28346
89.0,74.28325
89.0,74.283035
90.0,74.282845
92.0,74.282646
92.0,74.28243
92.0,74.282234
91.0,74.28204
91.0,74.28185
92.0,74.28163
90.0,74.281456
90.0,74.28125
90.0,74.28104
90.0,74.28084
90.0,74.280624
90.0,74.280426
92.0,74.28025
92.0,74.280045
91.0,74.27982
91.0,74.27963
91.0,74.27942
90.0,74.279205
88.0,74.27899
88.0,74.27879
88.0,74.27858
88.0,74.278366
88.0,74.27815
87.0,74.277954
83.0,74.277756
83.0,74.27755
82.0,74.27737
82.0,74.27716
81.0,74.27694
80.0,74.276726
78.0,74.276535
76.0,74.27631
72.0,74.27611
70.0,74.27591
70.0,74.27571
68.0,74.2755
69.0,74.27528
69.0,74.27509
68.0,74.27487
70.0,74.2747
70.0,74.27452
68.0,74.274315
68.0,74.27412
69.0,74.27391
69.0,74.27369
66.0,74.27349
66.0,74.2733
68.0,74.27309
66.0,74.27287
66.0,74.272675
65.0,74.27246
65.0,74.27226
65.0,74.27207
61.0,74.27187
61.0,74.27167
61.0,74.27145
61.0,74.271255
60.0,74.27106
60.0,74.27085
58.00000000000001,74.270645
56.0,74.27044
56.0,74.270226
56.0,74.270004
55.0,74.26981
55.0,74.2696
51.0,74.26938
51.0,74.26919
51.0,74.269005
53.0,74.2688
51.0,74.2686
51.0,74.26839
53.0,74.26817
53.0,74.26798
53.0,74.26776
55.0,74.26755
55.0,74.267334
55.0,74.267136
55.0,74.26692
58.00000000000001,74.26671
58.99999999999999,74.266495
63.0,74.26632
64.0,74.266106
64.0,74.26591
69.0,74.26571
69.0,74.2655
69.0,74.26529
73.0,74.26509
72.0,74.26489
72.0,74.26468
78.0,74.264465
78.0,74.26427
78.0,74.26406
78.0,74.26385
77.0,74.26364
77.0,74.263435
79.0,74.26322
78.0,74.263
78.0,74.2628
76.0,74.262596
73.0,74.262375
73.0,74.26216
71.0,74.26196
70.0,74.26175
70.0,74.261536
68.0,74.26132
68.0,74.26112
68.0,74.26091
69.0,74.2607
70.0,74.26048
70.0,74.260284
78.0,74.26007
80.0,74.25986
80.0,74.25964
84.0,74.25944
82.0,74.25923
85.0,74.25902
88.0,74.2588
88.0,74.258606
88.0,74.25839
92.0,74.25817
94.00000000000001,74.25798
94.00000000000001,74.25777
89.0,74.257545
87.0,74.25733
87.0,74.25714
87.0,74.25692
87.0,74.25671
87.0,74.25649
87.0,74.256294
86.0,74.25608
86.0,74.25589
86.0,74.25567
85.0,74.25548
85.0,74.255264
86.0,74.25504
85.0,74.25483
85.0,74.25464
85.0,74.25442
85.0,74.2542
86.0,74.25401
84.0,74.25379
83.0,74.25358
83.0,74.253365
84.0,74.25317
86.0,74.252975
86.0,74.25276
86.0,74.25254
86.0,74.25235
86.0,74.25215
87.0,74.25194
86.0,74.251724
84.0,74.251526
86.0,74.25131
88.0,74.2511
88.0,74.250885
88.0,74.2507
89.0,74.25049
89.0,74.25028
88.0,74.250084
88.0,74.24986
88.0,74.24965
87.0,74.249435
84.0,74.24924
84.0,74.24902
84.0,74.24881
84.0,74.2486
84.0,74.2484
84.0,74.248184
82.0,74.24797
82.0,74.24776
83.0,74.24756
83.0,74.247345
81.0,74.24713
81.0,74.24695
80.0,74.246735
80.0,74.24652
78.0,74.24633
76.0,74.24611
76.0,74.245895
74.0,74.24568
73.0,74.24548
73.0,74.24529
70.0,74.245094
69.0,74.24491
69.0,74.24472
68.0,74.244514
68.0,74.244316
67.0,74.2441
68.0,74.24389
65.0,74.243675
65.0,74.24347
65.0,74.24326
64.0,74.24305
64.0,74.24284
65.0,74.24263
63.0,74.24242
63.0,74.24222
62.0,74.242004
63.0,74.24179
63.0,74.24158
65.0,74.24138
64.0,74.241165
65.0,74.24095
66.0,74.24077
65.0,74.24058
64.0,74.240364
62.0,74.24018
62.0,74.239975
62.0,74.23978
62.0,74.239586
63.0,74.23937
63.0,74.23916
64.0,74.238945
64.0,74.23874
64.0,74.238525
63.0,74.23831
63.0,74.23813
63.0,74.23792
63.0,74.23771
64.0,74.23749
64.0,74.2373
63.0,74.23708
63.0,74.23686
63.0,74.23667
64.0,74.23647
63.0,74.23626
63.0,74.23606
64.0,74.235886
64.0,74.23575
64.0,74.23556
65.0,74.235344
66.0,74.235146
63.0,74.23493
64.0,74.23472
64.0,74.234505
64.0,74.23431
66.0,74.234116
65.0,74.233955
65.0,74.23374
66.0,74.23353
65.0,74.23333
65.0,74.233116
67.0,74.2329
66.0,74.232704
66.0,74.23249
67.0,74.23231
68.0,74.23212
68.0,74.2319
70.0,74.231705
70.0,74.231514
70.0,74.2313
72.0,74.2311
73.0,74.2309
73.0,74.2307
73.0,74.23048
74.0,74.2303
74.0,74.23009
74.0,74.22987
75.0,74.229675
75.0,74.22946
77.0,74.22925
77.0,74.229065
77.0,74.22885
77.0,74.22864
77.0,74.22845
76.0,74.228226
78.0,74.22801
77.0,74.22782
77.0,74.227615
77.0,74.22741
77.0,74.2272
77.0,74.22701
79.0,74.2268
79.0,74.2266
79.0,74.2264
80.0,74.2262
79.0,74.22601
79.0,74.22581
79.0,74.225586
79.0,74.22539
79.0,74.2252
80.0,74.225
80.0,74.22481
81.0,74.22461
83.0,74.224396
82.0,74.2242
82.0,74.22401
81.0,74.22379
81.0,74.22357
81.0,74.22337
83.0,74.22317
84.0,74.222946
84.0,74.22275
83.0,74.22256
82.0,74.22234
82.0,74.222145
82.0,74.22193
83.0,74.22171
83.0,74.2215
83.0,74.221306
83.0,74.2211
83.0,74.220894
84.0,74.220695
83.0,74.22048
83.0,74.22027
84.0,74.220055
84.0,74.21985
84.0,74.219635
85.0,74.21942
84.0,74.21922
84.0,74.21903
84.0,74.21881
83.0,74.21862
83.0,74.21844
82.0,74.21823
82.0,74.21806
82.0,74.21788
81.0,74.21771
81.0,74.21751
81.0,74.217316
80.0,74.21712
80.0,74.2169
80.0,74.21669
79.0,74.21649
78.0,74.21628
78.0,74.21608
76.0,74.21588
74.0,74.21573
74.0,74.21554
75.0,74.21534
74.0,74.21514
75.0,74.214966
74.0,74.21479
73.0,74.214615
73.0,74.214424
73.0,74.21423
73.0,74.21402
73.0,74.21385
74.0,74.21366
73.0,74.213486
73.0,74.21331
72.0,74.21314
72.0,74.21297
73.0,74.21282
71.0,74.21267
71.0,74.2125
71.0,74.212296
67.0,74.2121
68.0,74.2119
68.0,74.211685
67.0,74.21149
65.0,74.21127
65.0,74.21106
66.0,74.21086
67.0,74.21065
67.0,74.210464
68.0,74.21027
67.0,74.21006
67.0,74.20985
67.0,74.20966
66.0,74.20946
66.0,74.20926
63.0,74.20906
65.0,74.20885
65.0,74.20863
64.0,74.208435
65.0,74.20824
63.0,74.20803
58.99999999999999,74.20781
60.0,74.20761
60.0,74.20742
61.0,74.20729
58.99999999999999,74.20712
61.0,74.206955
61.0,74.206795
60.0,74.20664
60.0,74.20648
61.0,74.206276
63.0,74.206116
63.0,74.20591
62.0,74.20571
60.0,74.20551
60.0,74.20534
62.0,74.205215
64.0,74.20506
64.0,74.204895
64.0,74.20469
64.0,74.20449
65.0,74.204315
66.0,74.20414
64.0,74.204
64.0,74.20383
67.0,74.20369
69.0,74.20352
69.0,74.203384
73.0,74.20318
74.0,74.20299
75.0,74.20279
76.0,74.20261
79.0,74.202415
79.0,74.202225
81.0,74.20205
81.0,74.201866
82.0,74.201675
85.0,74.201485
86.0,74.20129
86.0,74.201096
90.0,74.2009
95.00000000000001,74.200714
95.00000000000001,74.20051
93.0,74.20035
92.0,74.200134
92.0,74.19992
96.00000000000001,74.19972
96.99999999999999,74.19951
96.99999999999999,74.199295
99.0,74.199135
100.0,74.19892
100.0,74.19873
99.0,74.19853
97.99999999999999,74.19832
97.99999999999999,74.198105
96.00000000000001,74.1979
96.99999999999999,74.19769
96.99999999999999,74.19748
95.00000000000001,74.19727
95.00000000000001,74.19706
97.99999999999999,74.196846
96.99999999999999,74.19665
99.0,74.196434
99.0,74.19622
96.99999999999999,74.19602
96.99999999999999,74.1958
96.99999999999999,74.19559
97.99999999999999,74.1954
96.00000000000001,74.195175
96.00000000000001,74.19496
96.00000000000001,74.19476
96.99999999999999,74.19455
97.99999999999999,74.194336
96.99999999999999,74.19414
96.99999999999999,74.193924
96.99999999999999,74.19371
95.00000000000001,74.19349
94.00000000000001,74.19331
94.00000000000001,74.1931
94.00000000000001,74.19288
93.0,74.19269
93.0,74.192505
91.0,74.19229
91.0,74.1921
91.0,74.19189
90.0,74.191666
91.0,74.19147
91.0,74.19126
87.0,74.19104
87.0,74.19084
87.0,74.19063
87.0,74.190414
86.0,74.190216
85.0,74.19
83.0,74.18979
82.0,74.18959
82.0,74.18939
80.0,74.18919
79.0,74.189
79.0,74.18878
78.0,74.18857
77.0,74.18838
77.0,74.188156
73.0,74.18794
71.0,74.187744
71.0,74.18753
70.0,74.18733
71.0,74.18714
71.0,74.18692
72.0,74.18671
72.0,74.18651
72.0,74.186295
71.0,74.18608
70.0,74.185905
70.0,74.185684
69.0,74.18547
70.0,74.18528
70.0,74.18508
72.0,74.1849
75.0,74.18471
75.0,74.18452
74.0,74.18432
72.0,74.18412
72.0,74.18393
72.0,74.18373
68.0,74.183556
69.0,74.18336
71.0,74.18317
72.0,74.18297
72.0,74.18278
68.0,74.18256
69.0,74.18234
71.0,74.18217
72.0,74.18195
69.0,74.18174
69.0,74.18154
69.0,74.18134
73.0,74.18113
73.0,74.180954
75.0,74.180756
77.0,74.18054
77.0,74.18034
75.0,74.18015
74.0,74.17994
74.0,74.17974
72.0,74.17953
72.0,74.179306
72.0,74.17909
72.0,74.178894
74.0,74.17868
74.0,74.17847
88.0,74.17827
92.0,74.17807
94.00000000000001,74.177704
92.0,74.17746
92.0,74.17724
91.0,74.17704
92.0,74.17683
92.0,74.17661
91.0,74.1764
93.0,74.17619
93.0,74.17598
95.00000000000001,74.175766
96.00000000000001,74.17557
96.00000000000001,74.175354
96.99999999999999,74.17514
96.99999999999999,74.17496
96.99999999999999,74.17475
96.99999999999999,74.17453
97.99999999999999,74.17435
97.99999999999999,74.17414
96.99999999999999,74.17392
96.99999999999999,74.173706
96.99999999999999,74.17351
96.99999999999999,74.173294
97.99999999999999,74.17308
97.99999999999999,74.17288
96.99999999999999,74.17267
96.99999999999999,74.172455
96.99999999999999,74.17223
99.0,74.172035
97.99999999999999,74.17182
97.99999999999999,74.17161
99.0,74.171394
99.0,74.17119
99.0,74.17098
99.0,74.17076
99.0,74.17056
99.0,74.17035
99.0,74.170135
99.0,74.16992
99.0,74.169716
99.0,74.1695
99.0,74.16929
99.0,74.16909
99.0,74.16888
99.0,74.16866
99.0,74.16844
99.0,74.16825
99.0,74.16803
99.0,74.167816
99.0,74.16762
99.0,74.167404
99.0,74.167206
99.0,74.16699
99.0,74.16678
99.0,74.166565
99.0,74.16636
99.0,74.166145
99.0,74.16593
99.0,74.16572
99.0,74.16551
99.0,74.165306
99.0,74.16509
99.0,74.16489
99.0,74.16467
99.0,74.16448
99.0,74.16428
99.0,74.16407
99.0,74.16386
99.0,74.163635
99.0,74.16344
100.0,74.16322
99.0,74.16301
99.0,74.16281
99.0,74.1626
99.0,74.162384
99.0,74.16216
99.0,74.161964
99.0,74.16175
99.0,74.16154
97.99999999999999,74.16134
96.99999999999999,74.161125
96.99999999999999,74.160904
94.00000000000001,74.16071
91.0,74.16051
91.0,74.1603
87.0,74.16009
85.0,74.15987
85.0,74.15967
84.0,74.159454
82.0,74.15924
82.0,74.15904
78.0,74.15882
76.0,74.15861
76.0,74.158394
74.0,74.158195
72.0,74.15798
72.0,74.15777
69.0,74.15757
65.0,74.15736
65.0,74.157135
63.0,74.15692
64.0,74.15672
64.0,74.15651
62.0,74.156296
62.0,74.1561
62.0,74.1559
61.0,74.155685
61.0,74.15549
61.0,74.15527
62.0,74.15506
60.0,74.15484
60.0,74.15465
60.0,74.154434
58.00000000000001,74.15421
58.00000000000001,74.154
55.0,74.15382
55.0,74.1536
55.0,74.15339
57.0,74.153206
58.99999999999999,74.153
58.99999999999999,74.15279
58.99999999999999,74.15258
58.00000000000001,74.152374
57.0,74.15215
57.0,74.15197
55.0,74.151764
55.0,74.15155
55.0,74.15133
54.0,74.15113
54.0,74.150925
54.0,74.1507
55.0,74.150505
55.0,74.15029
56.0,74.15008
53.0,74.14987
54.0,74.14966
51.0,74.149445
52.0,74.14926
52.0,74.149055
55.0,74.14884
56.0,74.148636
56.0,74.14843
65.0,74.14822
65.0,74.14803
65.0,74.14782
69.0,74.147606
75.0,74.147385
76.0,74.147194
79.0,74.14698
79.0,74.14676
79.0,74.146545
77.0,74.14635
77.0,74.14613
77.0,74.14592
80.0,74.14571
80.0,74.1455
80.0,74.14531
80.0,74.14511
81.0,74.14491
82.0,74.1447
82.0,74.1445
84.0,74.14431
84.0,74.1441
85.0,74.14389
86.0,74.143684
86.0,74.14347
87.0,74.143265
90.0,74.143074
90.0,74.14286
91.0,74.14264
92.0,74.14244
93.0,74.142235
93.0,74.14201
93.0,74.1418
93.0,74.1416
95.00000000000001,74.1414
96.00000000000001,74.14124
96.99999999999999,74.14104
96.99999999999999,74.140816
99.0,74.1406
99.0,74.14041
96.99999999999999,74.140205
99.0,74.14
99.0,74.1398
97.99999999999999,74.13959
97.99999999999999,74.139366
97.99999999999999,74.139175
97.99999999999999,74.138954
96.99999999999999,74.13874
96.99999999999999,74.13853
95.00000000000001,74.13833
94.00000000000001,74.13811
94.00000000000001,74.13792
93.0,74.13772
93.0,74.137505
93.0,74.13729
92.0,74.13709
93.0,74.13688
93.0,74.13666
94.00000000000001,74.136444
92.0,74.136246
92.0,74.13603
90.0,74.13582
91.0,74.13562
91.0,74.13541
90.0,74.135185
92.0,74.13501
93.0,74.134796
92.0,74.13458
92.0,74.134384
91.0,74.13417
91.0,74.13395
91.0,74.13379
92.0,74.1336
89.0,74.13341
89.0,74.133194
89.0,74.132996
88.0,74.1328
87.0,74.13258
87.0,74.13237
85.0,74.13217
85.0,74.13197
85.0,74.13176
84.0,74.13156
82.0,74.13136
82.0,74.13116
82.0,74.130974
82.0,74.13077
82.0,74.13055
80.0,74.13037
79.0,74.13017
79.0,74.12996
77.0,74.129814
77.0,74.12961
77.0,74.12941
74.0,74.12926
74.0,74.12907
74.0,74.12887
70.0,74.128654
68.0,74.12844
65.0,74.12826
65.0,74.128044
64.0,74.12787
64.0,74.12768
64.0,74.127464
62.0,74.12728
62.0,74.12707
60.0,74.12688
61.0,74.12668
61.0,74.12648
62.0,74.12629
60.0,74.12609
60.0,74.12588
58.99999999999999,74.12566
57.0,74.125465
57.0,74.12527
57.0,74.12505
56.0,74.12484
56.0,74.12464
52.0,74.12443
52.0,74.124214
52.0,74.12399
53.0,74.123795
52.0,74.12358
51.0,74.12338
52.0,74.12317
53.0,74.12297
53.0,74.12276
48.00000000000001,74.12254
48.00000000000001,74.12236
48.00000000000001,74.122154
48.00000000000001,74.12194
48.00000000000001,74.12177
48.00000000000001,74.12157
48.00000000000001,74.12135
51.0,74.12114
51.0,74.12093
51.0,74.12072
52.0,74.12054
52.0,74.120346
61.0,74.12017
88.0,74.11998
88.0,74.119804
94.00000000000001,74.119606
95.00000000000001,74.11941
95.00000000000001,74.11923
95.00000000000001,74.11913
93.0,74.118965
93.0,74.1188
94.00000000000001,74.11864
95.00000000000001,74.11843
95.00000000000001,74.11822
93.0,74.11802
94.00000000000001,74.117805
94.00000000000001,74.11759
93.0,74.11737
95.00000000000001,74.11717
95.00000000000001,74.11696
95.00000000000001,74.116745
95.00000000000001,74.11653
95.00000000000001,74.11633
94.00000000000001,74.11615
93.0,74.115974
93.0,74.11578
91.0,74.115654
93.0,74.115524
93.0,74.115425
93.0,74.11532
92.0,74.11515
92.0,74.11502
94.00000000000001,74.114845
94.00000000000001,74.11468
94.00000000000001,74.11452
95.00000000000001,74.11433
94.00000000000001,74.114136
94.00000000000001,74.11394
95.00000000000001,74.11374
96.00000000000001,74.11353
96.00000000000001,74.11332
96.00000000000001,74.11314
96.00000000000001,74.11292
96.00000000000001,74.11271
95.00000000000001,74.11251
94.00000000000001,74.1123
94.00000000000001,74.1121
94.00000000000001,74.111916
96.00000000000001,74.11171
96.00000000000001,74.11151
96.99999999999999,74.11132
96.99999999999999,74.1111
96.99999999999999,74.110886
97.99999999999999,74.110695
97.99999999999999,74.11047
97.99999999999999,74.110275
97.99999999999999,74.1101
99.0,74.1099
99.0,74.109726
99.0,74.109535
99.0,74.10936
99.0,74.109146
99.0,74.10901
99.0,74.1089
99.0,74.10872
99.0,74.10853
99.0,74.108315
99.0,74.1081
99.0,74.10789
99.0,74.10769
99.0,74.107475
99.0,74.10726
99.0,74.10705
99.0,74.10684
99.0,74.10663
99.0,74.106415
99.0,74.1062
99.0,74.106
99.0,74.10579
99.0,74.105576
99.0,74.10536
99.0,74.105156
99.0,74.10494
100.0,74.10473
99.0,74.104515
99.0,74.10432
100.0,74.1041
99.0,74.10389
99.0,74.10367
96.99999999999999,74.10347
94.00000000000001,74.10326
94.00000000000001,74.10304
90.0,74.10283
88.0,74.10263
88.0,74.10242
86.0,74.102196
86.0,74.10198
86.0,74.10178
86.0,74.10157
84.0,74.10136
84.0,74.10114
85.0,74.100945
82.0,74.10072
82.0,74.10051
80.0,74.10008
80.0,74.09984
80.0,74.09962
78.0,74.0994
77.0,74.0992
75.0,74.09898
79.0,74.09877
77.0,74.09856
77.0,74.09836
82.0,74.098145
79.0,74.09793
79.0,74.09772
82.0,74.09751
83.0,74.0973
83.0,74.097084
84.0,74.09687
83.0,74.09667
83.0,74.09646
82.0,74.096245
83.0,74.09603
83.0,74.095825
79.0,74.09561
82.0,74.0954
82.0,74.095184
80.0,74.094986
78.0,74.09477
78.0,74.09456
79.0,74.094345
74.0,74.09414
70.0,74.093925
76.0,74.09371
74.0,74.0935
74.0,74.0933
74.0,74.09309
75.0,74.09287
75.0,74.09266
69.0,74.09245
73.0,74.09224
73.0,74.092026
73.0,74.09181
71.0,74.09161
70.0,74.0914
75.0,74.09119
75.0,74.09099
75.0,74.09079
74.0,74.090614
71.0,74.0904
71.0,74.0902
67.0,74.09
67.0,74.089775
67.0,74.08958
65.0,74.08937
65.0,74.08915
65.0,74.088936
69.0,74.08874
70.0,74.088524
70.0,74.08831
72.0,74.08811
73.0,74.0879
73.0,74.087685
76.0,74.08746
79.0,74.087265
79.0,74.08707
79.0,74.08686
78.0,74.08666
78.0,74.08644
80.0,74.08623
81.0,74.08601
81.0,74.085815
81.0,74.0856
82.0,74.08539
82.0,74.08519
85.0,74.08498
86.0,74.08478
86.0,74.084564
88.0,74.084366
89.0,74.084175
90.0,74.08396
92.0,74.08376
91.0,74.08355
91.0,74.083336
93.0,74.083115
95.00000000000001,74.082924
95.00000000000001,74.082726
95.00000000000001,74.08251
96.00000000000001,74.08231
96.00000000000001,74.0821
96.99999999999999,74.08189
96.00000000000001,74.08169
96.00000000000001,74.0815
97.99999999999999,74.081276
97.99999999999999,74.08106
97.99999999999999,74.08085
97.99999999999999,74.08065
97.99999999999999,74.08044
97.99999999999999,74.08022
96.99999999999999,74.080025
96.99999999999999,74.07981
96.99999999999999,74.0796
96.99999999999999,74.0794
96.99999999999999,74.0792
96.99999999999999,74.078995
97.99999999999999,74.07877
97.99999999999999,74.078575
97.99999999999999,74.07836
99.0,74.07815
99.0,74.07795
99.0,74.07775
96.99999999999999,74.07754
99.0,74.077324
99.0,74.077126
99.0,74.07691
99.0,74.0767
99.0,74.076485
99.0,74.07629
97.99999999999999,74.07607
97.99999999999999,74.07586
99.0,74.075645
97.99999999999999,74.07544
97.99999999999999,74.075226
97.99999999999999,74.07501
97.99999999999999,74.0748
99.0,74.0746
99.0,74.07439
97.99999999999999,74.07417
99.0,74.07399
99.0,74.073784
99.0,74.07356
99.0,74.07335
99.0,74.07317
99.0,74.07296
99.0,74.07276
99.0,74.072655
99.0,74.07247
99.0,74.072266
96.99999999999999,74.07205
96.99999999999999,74.07184
96.99999999999999,74.07163
94.00000000000001,74.07142
94.00000000000001,74.071205
94.00000000000001,74.07099
94.00000000000001,74.07079
93.0,74.07058
93.0,74.070366
93.0,74.07015
91.0,74.06995
91.0,74.06974
91.0,74.06953
88.0,74.069305
88.0,74.06911
85.0,74.0689
84.0,74.06868
84.0,74.06847
84.0,74.06827
82.0,74.068054
82.0,74.06784
79.0,74.06762
78.0,74.06743
78.0,74.067215
75.0,74.06699
75.0,74.06678
75.0,74.06659
70.0,74.06637
73.0,74.066154
73.0,74.06594
71.0,74.06574
71.0,74.06553
71.0,74.065315
68.0,74.0651
70.0,74.0649
70.0,74.064835
68.0,74.06466
72.0,74.06445
72.0,74.06424
68.0,74.06404
64.0,74.06383
64.0,74.063614
67.0,74.063416
68.0,74.0632
68.0,74.06299
74.0,74.062775
73.0,74.06258
73.0,74.06236
74.0,74.06215
75.0,74.061935
75.0,74.06173
74.0,74.06152
76.0,74.06131
76.0,74.0611
75.0,74.06089
73.0,74.060684
73.0,74.06047
79.0,74.06025
80.0,74.06005
80.0,74.05984
80.0,74.05962
80.0,74.05941
80.0,74.05921
82.0,74.05901
83.0,74.0588
83.0,74.0586
85.0,74.05844
87.0,74.058235
87.0,74.058044
87.0,74.05783
87.0,74.05761
87.0,74.057396
85.0,74.057205
84.0,74.056984
84.0,74.05677
84.0,74.05656
84.0,74.05636
84.0,74.05617
84.0,74.05597
85.0,74.05578
85.0,74.05558
85.0,74.05537
85.0,74.05519
85.0,74.05498
85.0,74.05476
84.0,74.05455
85.0,74.054344
87.0,74.05414
86.0,74.053925
86.0,74.05371
87.0,74.053505
90.0,74.0533
90.0,74.053085
92.0,74.052864
95.00000000000001,74.052666
95.00000000000001,74.05246
96.99999999999999,74.05224
96.99999999999999,74.052025
96.99999999999999,74.05184
96.00000000000001,74.051636
94.00000000000001,74.05142
94.00000000000001,74.05122
94.00000000000001,74.05101
95.00000000000001,74.0508
95.00000000000001,74.05058
96.00000000000001,74.050385
96.99999999999999,74.05017
96.99999999999999,74.04996
97.99999999999999,74.049736
97.99999999999999,74.049545
97.99999999999999,74.04933
96.00000000000001,74.04913
96.99999999999999,74.04892
96.99999999999999,74.048706
96.99999999999999,74.048485
96.00000000000001,74.048294
96.00000000000001,74.04808
97.99999999999999,74.04786
97.99999999999999,74.047646
97.99999999999999,74.047455
97.99999999999999,74.04723
97.99999999999999,74.04702
99.0,74.04681
97.99999999999999,74.04661
97.99999999999999,74.046394
97.99999999999999,74.04619
97.99999999999999,74.04597
99.0,74.04577
99.0,74.04556
99.0,74.04534
99.0,74.04513
99.0,74.04491
97.99999999999999,74.044716
96.99999999999999,74.0445
96.99999999999999,74.04429
96.99999999999999,74.04409
96.99999999999999,74.04388
99.0,74.04366
99.0,74.04345
99.0,74.043236
99.0,74.04303
97.99999999999999,74.04282
97.99999999999999,74.04261
97.99999999999999,74.04239
99.0,74.04219
99.0,74.041985
99.0,74.04176
99.0,74.04159
99.0,74.041374
99.0,74.04116
97.99999999999999,74.04095
96.99999999999999,74.04075
96.99999999999999,74.040535
97.99999999999999,74.04032
96.99999999999999,74.04012
96.99999999999999,74.03992
96.99999999999999,74.0397
96.99999999999999,74.03948
96.99999999999999,74.03928
96.99999999999999,74.03908
97.99999999999999,74.03886
97.99999999999999,74.03866
96.99999999999999,74.03845
96.99999999999999,74.03823
96.99999999999999,74.03802
96.99999999999999,74.03783
96.99999999999999,74.037605
96.99999999999999,74.03739
97.99999999999999,74.03718
96.00000000000001,74.03698
96.00000000000001,74.036766
96.99999999999999,74.03655
95.00000000000001,74.03634
95.00000000000001,74.03614
96.00000000000001,74.035934
96.00000000000001,74.03571
96.00000000000001,74.035515
96.99999999999999,74.03531
97.99999999999999,74.03509
97.99999999999999,74.034874
94.00000000000001,74.034676
93.0,74.03446
93.0,74.03427
94.00000000000001,74.03407
94.00000000000001,74.03388
94.00000000000001,74.03367
95.00000000000001,74.03347
94.00000000000001,74.03326
94.00000000000001,74.03304
96.00000000000001,74.03283
96.00000000000001,74.03263
96.00000000000001,74.03242
96.00000000000001,74.0322
96.00000000000001,74.03199
96.00000000000001,74.03179
96.00000000000001,74.03158
96.00000000000001,74.031364
96.00000000000001,74.03115
96.00000000000001,74.03095
96.00000000000001,74.03074
96.00000000000001,74.030525
95.00000000000001,74.03031
96.00000000000001,74.03011
96.00000000000001,74.0299
93.0,74.029686
94.00000000000001,74.02954
94.00000000000001,74.02935
92.0,74.02916
92.0,74.028946
92.0,74.02874
94.00000000000001,74.028534
94.00000000000001,74.02833
94.00000000000001,74.02813
94.00000000000001,74.028
94.00000000000001,74.02784
94.00000000000001,74.02768
96.00000000000001,74.027596
96.99999999999999,74.02753
96.99999999999999,74.02738
96.99999999999999,74.02727
96.99999999999999,74.02711
96.99999999999999,74.02693
97.99999999999999,74.02674
96.99999999999999,74.0266
96.99999999999999,74.0264
97.99999999999999,74.02625
97.99999999999999,74.02612
97.99999999999999,74.026024
97.99999999999999,74.02598
97.99999999999999,74.02595
97.99999999999999,74.025764
97.99999999999999,74.02557
97.99999999999999,74.02537
97.99999999999999,74.02515
97.99999999999999,74.02493
97.99999999999999,74.024734
97.99999999999999,74.02452
99.0,74.02433
97.99999999999999,74.02422
97.99999999999999,74.02407
99.0,74.023926
97.99999999999999,74.02375
97.99999999999999,74.02356
96.00000000000001,74.02345
96.00000000000001,74.02329
96.00000000000001,74.023155
96.00000000000001,74.02304
97.99999999999999,74.02296
97.99999999999999,74.022804
96.99999999999999,74.0226
97.99999999999999,74.0224
97.99999999999999,74.02219
97.99999999999999,74.02197
97.99999999999999,74.02176
97.99999999999999,74.02156
97.99999999999999,74.021355
97.99999999999999,74.02113
97.99999999999999,74.02092
96.99999999999999,74.02073
96.99999999999999,74.020546
96.99999999999999,74.02041
96.99999999999999,74.020226
96.00000000000001,74.020134
96.00000000000001,74.02003
96.99999999999999,74.0199
96.99999999999999,74.01983
95.00000000000001,74.01964
95.00000000000001,74.019424
95.00000000000001,74.019264
94.00000000000001,74.01911
94.00000000000001,74.01901
94.00000000000001,74.01883
94.00000000000001,74.018616
94.00000000000001,74.018425
94.00000000000001,74.01821
93.0,74.01809
94.00000000000001,74.018005
94.00000000000001,74.01794
94.00000000000001,74.01779
94.00000000000001,74.017586
94.00000000000001,74.01738
93.0,74.01727
93.0,74.01716
93.0,74.01696
93.0,74.016884
93.0,74.016685
93.0,74.01649
92.0,74.01637
91.0,74.01623
90.0,74.01602
90.0,74.01583
90.0,74.015656
92.0,74.01548
92.0,74.015274
91.0,74.01505
92.0,74.01486
92.0,74.01466
91.0,74.01449
89.0,74.01435
89.0,74.0143
88.0,74.01414
88.0,74.013954
87.0,74.01383
87.0,74.013695
87.0,74.013535
87.0,74.01334
86.0,74.01313
86.0,74.01295
86.0,74.01274
86.0,74.01253
86.0,74.012314
84.0,74.01213
83.0,74.01194
83.0,74.01173
82.0,74.011536
82.0,74.01132
82.0,74.01116
83.0,74.01111
82.0,74.01101
82.0,74.010826
83.0,74.01065
81.0,74.01055
81.0,74.01041
83.0,74.01029
80.0,74.01015
80.0,74.01001
81.0,74.00991
81.0,74.00973
81.0,74.00959
79.0,74.00941
78.0,74.00919
77.0,74.00902
76.0,74.00881
76.0,74.00865
76.0,74.00849
76.0,74.00831
76.0,74.00815
76.0,74.00797
76.0,74.007835
78.0,74.0078
78.0,74.007744
78.0,74.00769
79.0,74.00762
79.0,74.00752
78.0,74.00732
78.0,74.00711
78.0,74.00691
78.0,74.00671
80.0,74.006485
80.0,74.006294
80.0,74.00608
81.0,74.00588
81.0,74.005684
82.0,74.00549
82.0,74.0053
82.0,74.005104
85.0,74.0049
85.0,74.0047
85.0,74.004486
86.0,74.00431
88.0,74.004166
88.0,74.00397
90.0,74.00377
90.0,74.00358
91.0,74.00339
95.00000000000001,74.00317
96.00000000000001,74.002975
96.00000000000001,74.0028
96.00000000000001,74.00261
96.99999999999999,74.00241
96.99999999999999,74.002205
96.00000000000001,74.00201
96.99999999999999,74.00179
96.99999999999999,74.0016
96.99999999999999,74.00142
96.99999999999999,74.00121
96.99999999999999,74.001
99.0,74.00082
96.99999999999999,74.00065
96.99999999999999,74.00047
97.99999999999999,74.00031
97.99999999999999,74.000145
97.99999999999999,73.99994
97.99999999999999,73.99976
97.99999999999999,73.999565
96.99999999999999,73.99936
96.00000000000001,73.99916
96.00000000000001,73.998955
96.00000000000001,73.99876
95.00000000000001,73.99856
94.00000000000001,73.99837
94.00000000000001,73.99815
94.00000000000001,73.99798
95.00000000000001,73.99777
95.00000000000001,73.997574
93.0,73.997375
93.0,73.99717
93.0,73.99697
94.00000000000001,73.99679
94.00000000000001,73.99662
94.00000000000001,73.99645
93.0,73.99629
93.0,73.9961
93.0,73.99591
93.0,73.995705
93.0,73.99554
93.0,73.99533
93.0,73.99512
93.0,73.99496
93.0,73.99475
89.0,73.99456
90.0,73.994385
90.0,73.99419
91.0,73.993996
92.0,73.9938
92.0,73.99362
90.0,73.99343
89.0,73.99331
89.0,73.99322
88.0,73.993126
88.0,73.99305
88.0,73.99294
91.0,73.99283
90.0,73.99274
85.0,73.9927
88.0,73.992546
90.0,73.99243
90.0,73.99234
89.0,73.99218
87.0,73.99203
87.0,73.99187
84.0,73.99178
83.0,73.991646
83.0,73.99146
83.0,73.99127
82.0,73.99109
82.0,73.99089
81.0,73.99067
78.0,73.99056
78.0,73.990486
80.0,73.99041
81.0,73.99031
81.0,73.990234
76.0,73.99011
75.0,73.99002
73.0,73.98984
74.0,73.98966
72.0,73.989456
72.0,73.98926
73.0,73.98905
70.0,73.98884
70.0,73.988625
66.0,73.98843
68.0,73.98821
68.0,73.988
67.0,73.9878
67.0,73.987595
67.0,73.9874
65.0,73.98722
67.0,73.987015
67.0,73.9868
66.0,73.9866
67.0,73.98639
64.0,73.986176
65.0,73.98596
63.0,73.98579
63.0,73.98557
68.0,73.98537
67.0,73.98517
67.0,73.984955
65.0,73.98474
67.0,73.98454
67.0,73.98434
65.0,73.98412
68.0,73.98391
68.0,73.98371
69.0,73.9835
70.0,73.9833
70.0,73.98311
70.0,73.982895
72.0,73.982704
72.0,73.98251
74.0,73.9823
76.0,73.98212
76.0,73.98191
79.0,73.98171
81.0,73.98151
81.0,73.981285
87.0,73.981094
89.0,73.98088
89.0,73.98069
88.0,73.98049
91.0,73.98028
94.00000000000001,73.98007
96.99999999999999,73.97986
96.00000000000001,73.97966
96.00000000000001,73.97952
97.99999999999999,73.97937
97.99999999999999,73.979195
97.99999999999999,73.97908
97.99999999999999,73.97902
97.99999999999999,73.978905
99.0,73.978775
97.99999999999999,73.97863
97.99999999999999,73.9785
99.0,73.97835
99.0,73.978195
99.0,73.97799
99.0,73.977776
99.0,73.9776
99.0,73.97746
99.0,73.977295
99.0,73.97708
99.0,73.97696
99.0,73.97687
99.0,73.97672
99.0,73.97654
99.0,73.976364
99.0,73.97617
99.0,73.97598
99.0,73.975876
99.0,73.97571
99.0,73.975586
99.0,73.975464
99.0,73.97527
99.0,73.9752
99.0,73.975
99.0,73.97485
99.0,73.97469
99.0,73.9745
99.0,73.97433
99.0,73.97414
97.99999999999999,73.974014
97.99999999999999,73.97383
96.99999999999999,73.97369
96.99999999999999,73.9735
96.00000000000001,73.97334
96.00000000000001,73.97316
96.99999999999999,73.972984
96.99999999999999,73.97282
96.99999999999999,73.972626
95.00000000000001,73.97241
95.00000000000001,73.97221
95.00000000000001,73.97201
91.0,73.971825
88.0,73.971634
88.0,73.97144
82.0,73.97125
81.0,73.97107
81.0,73.97087
78.0,73.97065
77.0,73.97046
77.0,73.97027
74.0,73.97009
72.0,73.96993
72.0,73.96974
70.0,73.96955
71.0,73.96936
71.0,73.96917
70.0,73.968994
68.0,73.968834
68.0,73.968666
69.0,73.96851
68.0,73.96831
68.0,73.96811
69.0,73.9679
71.0,73.96769
71.0,73.96749
67.0,73.96733
70.0,73.96713
70.0,73.96695
69.0,73.966774
68.0,73.96664
68.0,73.96651
70.0,73.96636
68.0,73.96617
68.0,73.96601
64.0,73.96581
63.0,73.96565
63.0,73.9655
62.0,73.965294
60.0,73.96512
60.0,73.96491
56.0,73.96469
56.0,73.964485
56.0,73.96429
58.00000000000001,73.96407
56.0,73.96387
56.0,73.96372
56.0,73.96352
58.00000000000001,73.96331
58.00000000000001,73.96311
57.0,73.9629
58.99999999999999,73.962685
58.99999999999999,73.962524
58.99999999999999,73.96234
58.99999999999999,73.962166
58.99999999999999,73.96206
58.99999999999999,73.96194
61.0,73.96177
61.0,73.96156
63.0,73.961365
64.0,73.96119
64.0,73.961
65.0,73.96081
65.0,73.9606
65.0,73.960434
68.0,73.960335
70.0,73.96026
70.0,73.96012
77.0,73.95994
84.0,73.95975
84.0,73.959564
93.0,73.959366
94.00000000000001,73.95918
94.00000000000001,73.95903
96.00000000000001,73.958824
96.99999999999999,73.958664
96.99999999999999,73.95846
